[{"model": "admin.logentry", "pk": 1, "fields": {"action_time": "2023-01-27T11:54:19.156Z", "user": 1, "content_type": 4, "object_id": "2", "object_repr": "nhungoc", "action_flag": 1, "change_message": "[{\"added\": {}}]"}}, {"model": "auth.permission", "pk": 1, "fields": {"name": "Can add log entry", "content_type": 1, "codename": "add_logentry"}}, {"model": "auth.permission", "pk": 2, "fields": {"name": "Can change log entry", "content_type": 1, "codename": "change_logentry"}}, {"model": "auth.permission", "pk": 3, "fields": {"name": "Can delete log entry", "content_type": 1, "codename": "delete_logentry"}}, {"model": "auth.permission", "pk": 4, "fields": {"name": "Can view log entry", "content_type": 1, "codename": "view_logentry"}}, {"model": "auth.permission", "pk": 5, "fields": {"name": "Can add permission", "content_type": 2, "codename": "add_permission"}}, {"model": "auth.permission", "pk": 6, "fields": {"name": "Can change permission", "content_type": 2, "codename": "change_permission"}}, {"model": "auth.permission", "pk": 7, "fields": {"name": "Can delete permission", "content_type": 2, "codename": "delete_permission"}}, {"model": "auth.permission", "pk": 8, "fields": {"name": "Can view permission", "content_type": 2, "codename": "view_permission"}}, {"model": "auth.permission", "pk": 9, "fields": {"name": "Can add group", "content_type": 3, "codename": "add_group"}}, {"model": "auth.permission", "pk": 10, "fields": {"name": "Can change group", "content_type": 3, "codename": "change_group"}}, {"model": "auth.permission", "pk": 11, "fields": {"name": "Can delete group", "content_type": 3, "codename": "delete_group"}}, {"model": "auth.permission", "pk": 12, "fields": {"name": "Can view group", "content_type": 3, "codename": "view_group"}}, {"model": "auth.permission", "pk": 13, "fields": {"name": "Can add user", "content_type": 4, "codename": "add_user"}}, {"model": "auth.permission", "pk": 14, "fields": {"name": "Can change user", "content_type": 4, "codename": "change_user"}}, {"model": "auth.permission", "pk": 15, "fields": {"name": "Can delete user", "content_type": 4, "codename": "delete_user"}}, {"model": "auth.permission", "pk": 16, "fields": {"name": "Can view user", "content_type": 4, "codename": "view_user"}}, {"model": "auth.permission", "pk": 17, "fields": {"name": "Can add content type", "content_type": 5, "codename": "add_contenttype"}}, {"model": "auth.permission", "pk": 18, "fields": {"name": "Can change content type", "content_type": 5, "codename": "change_contenttype"}}, {"model": "auth.permission", "pk": 19, "fields": {"name": "Can delete content type", "content_type": 5, "codename": "delete_contenttype"}}, {"model": "auth.permission", "pk": 20, "fields": {"name": "Can view content type", "content_type": 5, "codename": "view_contenttype"}}, {"model": "auth.permission", "pk": 21, "fields": {"name": "Can add session", "content_type": 6, "codename": "add_session"}}, {"model": "auth.permission", "pk": 22, "fields": {"name": "Can change session", "content_type": 6, "codename": "change_session"}}, {"model": "auth.permission", "pk": 23, "fields": {"name": "Can delete session", "content_type": 6, "codename": "delete_session"}}, {"model": "auth.permission", "pk": 24, "fields": {"name": "Can view session", "content_type": 6, "codename": "view_session"}}, {"model": "auth.permission", "pk": 25, "fields": {"name": "Can add stream", "content_type": 7, "codename": "add_stream"}}, {"model": "auth.permission", "pk": 26, "fields": {"name": "Can change stream", "content_type": 7, "codename": "change_stream"}}, {"model": "auth.permission", "pk": 27, "fields": {"name": "Can delete stream", "content_type": 7, "codename": "delete_stream"}}, {"model": "auth.permission", "pk": 28, "fields": {"name": "Can view stream", "content_type": 7, "codename": "view_stream"}}, {"model": "auth.permission", "pk": 29, "fields": {"name": "Can add likes", "content_type": 8, "codename": "add_likes"}}, {"model": "auth.permission", "pk": 30, "fields": {"name": "Can change likes", "content_type": 8, "codename": "change_likes"}}, {"model": "auth.permission", "pk": 31, "fields": {"name": "Can delete likes", "content_type": 8, "codename": "delete_likes"}}, {"model": "auth.permission", "pk": 32, "fields": {"name": "Can view likes", "content_type": 8, "codename": "view_likes"}}, {"model": "auth.permission", "pk": 33, "fields": {"name": "Can add Tag", "content_type": 9, "codename": "add_tag"}}, {"model": "auth.permission", "pk": 34, "fields": {"name": "Can change Tag", "content_type": 9, "codename": "change_tag"}}, {"model": "auth.permission", "pk": 35, "fields": {"name": "Can delete Tag", "content_type": 9, "codename": "delete_tag"}}, {"model": "auth.permission", "pk": 36, "fields": {"name": "Can view Tag", "content_type": 9, "codename": "view_tag"}}, {"model": "auth.permission", "pk": 37, "fields": {"name": "Can add post", "content_type": 10, "codename": "add_post"}}, {"model": "auth.permission", "pk": 38, "fields": {"name": "Can change post", "content_type": 10, "codename": "change_post"}}, {"model": "auth.permission", "pk": 39, "fields": {"name": "Can delete post", "content_type": 10, "codename": "delete_post"}}, {"model": "auth.permission", "pk": 40, "fields": {"name": "Can view post", "content_type": 10, "codename": "view_post"}}, {"model": "auth.permission", "pk": 41, "fields": {"name": "Can add follow", "content_type": 11, "codename": "add_follow"}}, {"model": "auth.permission", "pk": 42, "fields": {"name": "Can change follow", "content_type": 11, "codename": "change_follow"}}, {"model": "auth.permission", "pk": 43, "fields": {"name": "Can delete follow", "content_type": 11, "codename": "delete_follow"}}, {"model": "auth.permission", "pk": 44, "fields": {"name": "Can view follow", "content_type": 11, "codename": "view_follow"}}, {"model": "auth.permission", "pk": 45, "fields": {"name": "Can add profile", "content_type": 12, "codename": "add_profile"}}, {"model": "auth.permission", "pk": 46, "fields": {"name": "Can change profile", "content_type": 12, "codename": "change_profile"}}, {"model": "auth.permission", "pk": 47, "fields": {"name": "Can delete profile", "content_type": 12, "codename": "delete_profile"}}, {"model": "auth.permission", "pk": 48, "fields": {"name": "Can view profile", "content_type": 12, "codename": "view_profile"}}, {"model": "auth.permission", "pk": 49, "fields": {"name": "Can add comment", "content_type": 13, "codename": "add_comment"}}, {"model": "auth.permission", "pk": 50, "fields": {"name": "Can change comment", "content_type": 13, "codename": "change_comment"}}, {"model": "auth.permission", "pk": 51, "fields": {"name": "Can delete comment", "content_type": 13, "codename": "delete_comment"}}, {"model": "auth.permission", "pk": 52, "fields": {"name": "Can view comment", "content_type": 13, "codename": "view_comment"}}, {"model": "auth.permission", "pk": 53, "fields": {"name": "Can add message", "content_type": 14, "codename": "add_message"}}, {"model": "auth.permission", "pk": 54, "fields": {"name": "Can change message", "content_type": 14, "codename": "change_message"}}, {"model": "auth.permission", "pk": 55, "fields": {"name": "Can delete message", "content_type": 14, "codename": "delete_message"}}, {"model": "auth.permission", "pk": 56, "fields": {"name": "Can view message", "content_type": 14, "codename": "view_message"}}, {"model": "auth.permission", "pk": 57, "fields": {"name": "Can add notification", "content_type": 15, "codename": "add_notification"}}, {"model": "auth.permission", "pk": 58, "fields": {"name": "Can change notification", "content_type": 15, "codename": "change_notification"}}, {"model": "auth.permission", "pk": 59, "fields": {"name": "Can delete notification", "content_type": 15, "codename": "delete_notification"}}, {"model": "auth.permission", "pk": 60, "fields": {"name": "Can view notification", "content_type": 15, "codename": "view_notification"}}, {"model": "auth.user", "pk": 1, "fields": {"password": "pbkdf2_sha256$390000$w89e4SuJc0UGr6Cp0EnhEw$JHnkzg+IZNwT+HSc/jsZw2/0KLaj+6hfm4AeIQ+4t/Q=", "last_login": "2023-01-27T12:05:56.371Z", "is_superuser": true, "username": "khangnt", "first_name": "", "last_name": "", "email": "khangnt@proton.me", "is_staff": true, "is_active": true, "date_joined": "2023-01-27T08:38:17.484Z", "groups": [], "user_permissions": []}}, {"model": "auth.user", "pk": 2, "fields": {"password": "pbkdf2_sha256$390000$wyDEX7A4qMImqU9ElkVzHq$xWIHdIUwXU4J8CfrRHgCRod9K3GLvp/em/gdwuRfRbc=", "last_login": "2023-01-27T12:06:36.866Z", "is_superuser": false, "username": "nhungoc", "first_name": "", "last_name": "", "email": "", "is_staff": false, "is_active": true, "date_joined": "2023-01-27T11:54:18.932Z", "groups": [], "user_permissions": []}}, {"model": "contenttypes.contenttype", "pk": 1, "fields": {"app_label": "admin", "model": "logentry"}}, {"model": "contenttypes.contenttype", "pk": 2, "fields": {"app_label": "auth", "model": "permission"}}, {"model": "contenttypes.contenttype", "pk": 3, "fields": {"app_label": "auth", "model": "group"}}, {"model": "contenttypes.contenttype", "pk": 4, "fields": {"app_label": "auth", "model": "user"}}, {"model": "contenttypes.contenttype", "pk": 5, "fields": {"app_label": "contenttypes", "model": "contenttype"}}, {"model": "contenttypes.contenttype", "pk": 6, "fields": {"app_label": "sessions", "model": "session"}}, {"model": "contenttypes.contenttype", "pk": 7, "fields": {"app_label": "post", "model": "stream"}}, {"model": "contenttypes.contenttype", "pk": 8, "fields": {"app_label": "post", "model": "likes"}}, {"model": "contenttypes.contenttype", "pk": 9, "fields": {"app_label": "post", "model": "tag"}}, {"model": "contenttypes.contenttype", "pk": 10, "fields": {"app_label": "post", "model": "post"}}, {"model": "contenttypes.contenttype", "pk": 11, "fields": {"app_label": "post", "model": "follow"}}, {"model": "contenttypes.contenttype", "pk": 12, "fields": {"app_label": "authy", "model": "profile"}}, {"model": "contenttypes.contenttype", "pk": 13, "fields": {"app_label": "comment", "model": "comment"}}, {"model": "contenttypes.contenttype", "pk": 14, "fields": {"app_label": "directs", "model": "message"}}, {"model": "contenttypes.contenttype", "pk": 15, "fields": {"app_label": "notification", "model": "notification"}}, {"model": "sessions.session", "pk": "xzfbbq9yzmx4twuzxvy1wqpi15mj5xne", "fields": {"session_data": ".eJxVjMsOwiAQRf-FtSE8piAu3fsNZDoMUjWQlHZl_HfbpAvdnnPufYuI61Li2nmOUxIXYcTpl41IT667SA-s9yap1WWeRrkn8rBd3lri1_Vo_w4K9rKtg4GApAcAyJrPIXsMhh16FUxWwOS8Vy4nazRS8LRRm7wa2FLOYI34fAHOaTeH:1pLNV6:r8aq8eMN_gsE-3Py8pnP5TxoeNGcyhS4WcEl6DTSTLo", "expire_date": "2023-02-10T12:06:36.877Z"}}, {"model": "post.tag", "pk": 1, "fields": {"title": "khang", "slug": "47b6b66c-9e38-11ed-9fe6-57a3b3f7d812"}}, {"model": "post.post", "pk": "006477a4-f498-4994-bd81-3a35db2dc3fb", "fields": {"picture": "user_1/download_1.png", "caption": "Follow us:", "posted": "2023-01-27", "user": 1, "likes": 0, "tags": [1]}}, {"model": "post.post", "pk": "4e45709c-92ad-4d8f-a0a1-4f094e254d5e", "fields": {"picture": "user_1/1_GBktjXROv9-sSuRU6NmBZQ.jpg", "caption": "Follow us:", "posted": "2023-01-27", "user": 1, "likes": 2, "tags": [1]}}, {"model": "post.post", "pk": "55df1be1-5877-4022-8acd-28d1c332c1fa", "fields": {"picture": "user_1/d5d.png", "caption": "Follow us:", "posted": "2023-01-27", "user": 1, "likes": 0, "tags": [1]}}, {"model": "post.post", "pk": "9676a620-6596-41fa-ba3f-9e9bc0dc5587", "fields": {"picture": "user_2/su1.jpg", "caption": "Follow us:", "posted": "2023-01-27", "user": 2, "likes": 1, "tags": [1]}}, {"model": "post.post", "pk": "bbf878ed-80f5-40cc-b45e-1f7a6d5bf6ab", "fields": {"picture": "user_1/d2d.png", "caption": "Follow us:", "posted": "2023-01-27", "user": 1, "likes": 0, "tags": [1]}}, {"model": "post.likes", "pk": 3, "fields": {"user": 1, "post": "4e45709c-92ad-4d8f-a0a1-4f094e254d5e"}}, {"model": "post.likes", "pk": 4, "fields": {"user": 2, "post": "4e45709c-92ad-4d8f-a0a1-4f094e254d5e"}}, {"model": "post.likes", "pk": 5, "fields": {"user": 2, "post": "9676a620-6596-41fa-ba3f-9e9bc0dc5587"}}, {"model": "post.follow", "pk": 1, "fields": {"follower": 1, "following": 2}}, {"model": "post.follow", "pk": 2, "fields": {"follower": 2, "following": 1}}, {"model": "post.stream", "pk": 1, "fields": {"following": 2, "user": 1, "post": "9676a620-6596-41fa-ba3f-9e9bc0dc5587", "date": "2023-01-27T00:00:00Z"}}, {"model": "post.stream", "pk": 2, "fields": {"following": 2, "user": 1, "post": "9676a620-6596-41fa-ba3f-9e9bc0dc5587", "date": "2023-01-27T00:00:00Z"}}, {"model": "post.stream", "pk": 3, "fields": {"following": 1, "user": 2, "post": "4e45709c-92ad-4d8f-a0a1-4f094e254d5e", "date": "2023-01-27T00:00:00Z"}}, {"model": "post.stream", "pk": 4, "fields": {"following": 1, "user": 2, "post": "4e45709c-92ad-4d8f-a0a1-4f094e254d5e", "date": "2023-01-27T00:00:00Z"}}, {"model": "post.stream", "pk": 5, "fields": {"following": 2, "user": 1, "post": "9676a620-6596-41fa-ba3f-9e9bc0dc5587", "date": "2023-01-27T00:00:00Z"}}, {"model": "post.stream", "pk": 6, "fields": {"following": 1, "user": 2, "post": "006477a4-f498-4994-bd81-3a35db2dc3fb", "date": "2023-01-27T00:00:00Z"}}, {"model": "post.stream", "pk": 7, "fields": {"following": 1, "user": 2, "post": "006477a4-f498-4994-bd81-3a35db2dc3fb", "date": "2023-01-27T00:00:00Z"}}, {"model": "post.stream", "pk": 8, "fields": {"following": 1, "user": 2, "post": "55df1be1-5877-4022-8acd-28d1c332c1fa", "date": "2023-01-27T00:00:00Z"}}, {"model": "post.stream", "pk": 9, "fields": {"following": 1, "user": 2, "post": "55df1be1-5877-4022-8acd-28d1c332c1fa", "date": "2023-01-27T00:00:00Z"}}, {"model": "post.stream", "pk": 10, "fields": {"following": 1, "user": 2, "post": "bbf878ed-80f5-40cc-b45e-1f7a6d5bf6ab", "date": "2023-01-27T00:00:00Z"}}, {"model": "post.stream", "pk": 11, "fields": {"following": 1, "user": 2, "post": "bbf878ed-80f5-40cc-b45e-1f7a6d5bf6ab", "date": "2023-01-27T00:00:00Z"}}, {"model": "authy.profile", "pk": 1, "fields": {"user": 1, "image": "profile_pciture/1_GBktjXROv9-sSuRU6NmBZQ.jpg", "first_name": "Khang", "last_name": "Nguyễn Thành", "bio": "1111", "location": "19, Nguyễn Hữu Thọ, Tân Phong, Quận 7, HCM", "url": "https://www.facebook.com/truongmy.han.12/videos/822334644845031/?t=6", "favourite": []}}, {"model": "authy.profile", "pk": 2, "fields": {"user": 2, "image": "default.jpg", "first_name": null, "last_name": null, "bio": null, "location": null, "url": null, "favourite": []}}, {"model": "comment.comment", "pk": 1, "fields": {"post": "4e45709c-92ad-4d8f-a0a1-4f094e254d5e", "user": 1, "body": "hhello", "date": "2023-01-27T11:51:15.427Z"}}, {"model": "comment.comment", "pk": 2, "fields": {"post": "4e45709c-92ad-4d8f-a0a1-4f094e254d5e", "user": 1, "body": "test", "date": "2023-01-27T11:51:22.295Z"}}, {"model": "comment.comment", "pk": 3, "fields": {"post": "4e45709c-92ad-4d8f-a0a1-4f094e254d5e", "user": 2, "body": "hhello", "date": "2023-01-27T11:58:47.931Z"}}, {"model": "comment.comment", "pk": 4, "fields": {"post": "9676a620-6596-41fa-ba3f-9e9bc0dc5587", "user": 1, "body": "test", "date": "2023-01-27T12:05:20.938Z"}}, {"model": "comment.comment", "pk": 5, "fields": {"post": "9676a620-6596-41fa-ba3f-9e9bc0dc5587", "user": 2, "body": "test", "date": "2023-01-27T12:05:48.618Z"}}, {"model": "directs.message", "pk": 1, "fields": {"user": 1, "sender": 1, "reciepient": 2, "body": "", "date": "2023-01-27T12:06:25.593Z", "is_read": true}}, {"model": "directs.message", "pk": 2, "fields": {"user": 2, "sender": 1, "reciepient": 1, "body": "", "date": "2023-01-27T12:06:25.604Z", "is_read": true}}, {"model": "directs.message", "pk": 3, "fields": {"user": 1, "sender": 1, "reciepient": 2, "body": "test", "date": "2023-01-27T12:06:28.762Z", "is_read": true}}, {"model": "directs.message", "pk": 4, "fields": {"user": 2, "sender": 1, "reciepient": 1, "body": "test", "date": "2023-01-27T12:06:28.767Z", "is_read": true}}, {"model": "directs.message", "pk": 5, "fields": {"user": 2, "sender": 2, "reciepient": 1, "body": "test", "date": "2023-01-27T12:06:43.515Z", "is_read": true}}, {"model": "directs.message", "pk": 6, "fields": {"user": 1, "sender": 2, "reciepient": 2, "body": "test", "date": "2023-01-27T12:06:43.521Z", "is_read": true}}, {"model": "directs.message", "pk": 7, "fields": {"user": 2, "sender": 2, "reciepient": 1, "body": "hhello", "date": "2023-01-27T12:06:51.738Z", "is_read": true}}, {"model": "directs.message", "pk": 8, "fields": {"user": 1, "sender": 2, "reciepient": 2, "body": "hhello", "date": "2023-01-27T12:06:51.750Z", "is_read": true}}, {"model": "notification.notification", "pk": 1, "fields": {"post": "4e45709c-92ad-4d8f-a0a1-4f094e254d5e", "sender": 1, "user": 1, "notification_types": null, "text_preview": "", "date": "2023-01-27T11:51:07.753Z", "is_seen": false}}, {"model": "notification.notification", "pk": 2, "fields": {"post": "4e45709c-92ad-4d8f-a0a1-4f094e254d5e", "sender": 1, "user": 1, "notification_types": null, "text_preview": "", "date": "2023-01-27T11:51:10.246Z", "is_seen": false}}, {"model": "notification.notification", "pk": 3, "fields": {"post": "4e45709c-92ad-4d8f-a0a1-4f094e254d5e", "sender": 1, "user": 1, "notification_types": 2, "text_preview": "hhello", "date": "2023-01-27T11:51:15.433Z", "is_seen": false}}, {"model": "notification.notification", "pk": 4, "fields": {"post": "4e45709c-92ad-4d8f-a0a1-4f094e254d5e", "sender": 1, "user": 1, "notification_types": 2, "text_preview": "test", "date": "2023-01-27T11:51:22.303Z", "is_seen": false}}, {"model": "notification.notification", "pk": 5, "fields": {"post": "4e45709c-92ad-4d8f-a0a1-4f094e254d5e", "sender": 1, "user": 1, "notification_types": null, "text_preview": "", "date": "2023-01-27T11:52:57.706Z", "is_seen": false}}, {"model": "notification.notification", "pk": 6, "fields": {"post": null, "sender": 1, "user": 2, "notification_types": 3, "text_preview": "", "date": "2023-01-27T11:54:30.748Z", "is_seen": false}}, {"model": "notification.notification", "pk": 7, "fields": {"post": "4e45709c-92ad-4d8f-a0a1-4f094e254d5e", "sender": 2, "user": 1, "notification_types": null, "text_preview": "", "date": "2023-01-27T11:55:11.709Z", "is_seen": false}}, {"model": "notification.notification", "pk": 8, "fields": {"post": null, "sender": 2, "user": 1, "notification_types": 3, "text_preview": "", "date": "2023-01-27T11:55:31.960Z", "is_seen": false}}, {"model": "notification.notification", "pk": 9, "fields": {"post": "9676a620-6596-41fa-ba3f-9e9bc0dc5587", "sender": 2, "user": 2, "notification_types": null, "text_preview": "", "date": "2023-01-27T11:58:41.692Z", "is_seen": false}}, {"model": "notification.notification", "pk": 10, "fields": {"post": "4e45709c-92ad-4d8f-a0a1-4f094e254d5e", "sender": 2, "user": 1, "notification_types": 2, "text_preview": "hhello", "date": "2023-01-27T11:58:47.937Z", "is_seen": false}}, {"model": "notification.notification", "pk": 11, "fields": {"post": "9676a620-6596-41fa-ba3f-9e9bc0dc5587", "sender": 1, "user": 2, "notification_types": 2, "text_preview": "test", "date": "2023-01-27T12:05:20.943Z", "is_seen": false}}, {"model": "notification.notification", "pk": 12, "fields": {"post": "9676a620-6596-41fa-ba3f-9e9bc0dc5587", "sender": 2, "user": 2, "notification_types": 2, "text_preview": "test", "date": "2023-01-27T12:05:48.624Z", "is_seen": false}}]